_id,date_added,title
61ccc546aa8d438faa312a0e,25-Sep-21,Dick Johnson Is Dead
61ccc546aa8d438faa312a0f,24-Sep-21,My Little Pony: A New Generation
61ccc546aa8d438faa312a10,24-Sep-21,Sankofa
61ccc546aa8d438faa312a11,24-Sep-21,The Starling
61ccc546aa8d438faa312a12,23-Sep-21,Je Suis Karl
61ccc546aa8d438faa312a13,22-Sep-21,Confessions of an Invisible Girl
61ccc546aa8d438faa312a14,22-Sep-21,Europe's Most Dangerous Man: Otto Skorzeny in Spain
61ccc546aa8d438faa312a15,22-Sep-21,Intrusion
61ccc546aa8d438faa312a16,21-Sep-21,Avvai Shanmughi
61ccc546aa8d438faa312a17,21-Sep-21,Go! Go! Cory Carson: Chrissy Takes the Wheel
61ccc546aa8d438faa312a18,21-Sep-21,Jeans
61ccc546aa8d438faa312a19,21-Sep-21,Minsara Kanavu
61ccc546aa8d438faa312a1a,20-Sep-21,Grown Ups
61ccc546aa8d438faa312a1b,19-Sep-21,Dark Skies
61ccc546aa8d438faa312a1c,19-Sep-21,Paranoia
61ccc546aa8d438faa312a1d,17-Sep-21,Ankahi Kahaniya
61ccc546aa8d438faa312a1e,17-Sep-21,The Father Who Moves Mountains
61ccc546aa8d438faa312a1f,17-Sep-21,The Stronghold
61ccc546aa8d438faa312a20,16-Sep-21,Birth of the Dragon
61ccc546aa8d438faa312a21,16-Sep-21,Jaws
61ccc546aa8d438faa312a22,16-Sep-21,Jaws 2
61ccc546aa8d438faa312a23,16-Sep-21,Jaws 3
61ccc546aa8d438faa312a24,16-Sep-21,Jaws: The Revenge
61ccc546aa8d438faa312a25,16-Sep-21,My Heroes Were Cowboys
61ccc546aa8d438faa312a26,16-Sep-21,Safe House
61ccc546aa8d438faa312a27,16-Sep-21,Training Day
61ccc546aa8d438faa312a28,15-Sep-21,InuYasha the Movie 2: The Castle Beyond the Looking Glass
61ccc546aa8d438faa312a29,15-Sep-21,InuYasha the Movie 3: Swords of an Honorable Ruler
61ccc546aa8d438faa312a2a,15-Sep-21,InuYasha the Movie 4: Fire on the Mystic Island
61ccc546aa8d438faa312a2b,15-Sep-21,InuYasha the Movie: Affections Touching Across Time
61ccc546aa8d438faa312a2c,15-Sep-21,Naruto Shippuden the Movie: Blood Prison
61ccc546aa8d438faa312a2d,15-Sep-21,Naruto Shippûden the Movie: Bonds
61ccc546aa8d438faa312a2e,15-Sep-21,Naruto Shippûden the Movie: The Will of Fire
61ccc546aa8d438faa312a2f,15-Sep-21,Naruto Shippuden: The Movie
61ccc546aa8d438faa312a30,15-Sep-21,Naruto Shippuden: The Movie: The Lost Tower
61ccc546aa8d438faa312a31,15-Sep-21,Naruto the Movie 2: Legend of the Stone of Gelel
61ccc546aa8d438faa312a32,15-Sep-21,Naruto the Movie 3: Guardians of the Crescent Moon Kingdom
61ccc546aa8d438faa312a33,15-Sep-21,Naruto the Movie: Ninja Clash in the Land of Snow
61ccc546aa8d438faa312a34,15-Sep-21,Nightbooks
61ccc546aa8d438faa312a35,15-Sep-21,Schumacher
61ccc546aa8d438faa312a36,14-Sep-21,A StoryBots Space Adventure
61ccc546aa8d438faa312a37,14-Sep-21,King of Boys
61ccc546aa8d438faa312a38,14-Sep-21,You vs. Wild: Out Cold
61ccc546aa8d438faa312a39,11-Sep-21,Little Singham - Black Shadow
61ccc546aa8d438faa312a3a,11-Sep-21,Tughlaq Durbar
61ccc546aa8d438faa312a3b,11-Sep-21,Tughlaq Durbar (Telugu)
61ccc546aa8d438faa312a3c,10-Sep-21,Firedrake the Silver Dragon
61ccc546aa8d438faa312a3d,10-Sep-21,Kate
61ccc546aa8d438faa312a3e,10-Sep-21,Omo Ghetto: the Saga
61ccc546aa8d438faa312a3f,10-Sep-21,Prey
61ccc546aa8d438faa312a40,09-Sep-21,Blood Brothers: Malcolm X & Muhammad Ali
61ccc546aa8d438faa312a41,09-Sep-21,Paradise Hills
61ccc546aa8d438faa312a42,09-Sep-21,The Women and the Murderer
61ccc546aa8d438faa312a43,08-Sep-21,JJ+E
61ccc546aa8d438faa312a44,08-Sep-21,Show Dogs
61ccc546aa8d438faa312a45,07-Sep-21,If I Leave Here Tomorrow: A Film About Lynyrd Skynyrd
61ccc546aa8d438faa312a46,07-Sep-21,Untold: Breaking Point
61ccc546aa8d438faa312a47,06-Sep-21,Shadow Parties
61ccc546aa8d438faa312a48,05-Sep-21,Angamaly Diaries
61ccc546aa8d438faa312a49,04-Sep-21,A Champion Heart
61ccc546aa8d438faa312a4a,03-Sep-21,Worth
61ccc546aa8d438faa312a4b,02-Sep-21,Afterlife of the Party
61ccc546aa8d438faa312a4c,02-Sep-21,Anjaam
61ccc546aa8d438faa312a4d,02-Sep-21,Bright Star
61ccc546aa8d438faa312a4e,02-Sep-21,Dhanak
61ccc546aa8d438faa312a4f,02-Sep-21,Final Account
61ccc546aa8d438faa312a50,02-Sep-21,Gurgaon
61ccc546aa8d438faa312a51,02-Sep-21,Here and There
61ccc546aa8d438faa312a52,02-Sep-21,In the Cut
61ccc546aa8d438faa312a53,02-Sep-21,Shikara
61ccc546aa8d438faa312a54,01-Sep-21,A Cinderella Story
61ccc546aa8d438faa312a55,01-Sep-21,Agatha Christie's Crooked House
61ccc546aa8d438faa312a56,01-Sep-21,An Unfinished Life
61ccc546aa8d438faa312a57,01-Sep-21,Barbie Big City Big Dreams
61ccc546aa8d438faa312a58,01-Sep-21,Blade Runner: The Final Cut
61ccc546aa8d438faa312a59,01-Sep-21,Chappie
61ccc546aa8d438faa312a5a,01-Sep-21,Clear and Present Danger
61ccc546aa8d438faa312a5b,01-Sep-21,Cliffhanger
61ccc546aa8d438faa312a5c,01-Sep-21,Cold Mountain
61ccc546aa8d438faa312a5d,01-Sep-21,Crocodile Dundee in Los Angeles
61ccc546aa8d438faa312a5e,01-Sep-21,Dear John
61ccc546aa8d438faa312a5f,01-Sep-21,Do the Right Thing
61ccc546aa8d438faa312a60,01-Sep-21,El patrón, radiografía de un crimen
61ccc546aa8d438faa312a61,01-Sep-21,Extraction
61ccc546aa8d438faa312a62,01-Sep-21,Freedom Writers
61ccc546aa8d438faa312a63,01-Sep-21,Green Lantern
61ccc546aa8d438faa312a64,01-Sep-21,House Party
61ccc546aa8d438faa312a65,01-Sep-21,House Party 2
61ccc546aa8d438faa312a66,01-Sep-21,House Party 3
61ccc546aa8d438faa312a67,01-Sep-21,I Got the Hook Up
61ccc546aa8d438faa312a68,01-Sep-21,In Too Deep
61ccc546aa8d438faa312a69,01-Sep-21,Initial D
61ccc546aa8d438faa312a6a,01-Sep-21,Janoskians: Untold and Untrue
61ccc546aa8d438faa312a6b,01-Sep-21,Labyrinth
61ccc546aa8d438faa312a6c,01-Sep-21,Letters to Juliet
61ccc546aa8d438faa312a6d,01-Sep-21,Level 16
61ccc546aa8d438faa312a6e,01-Sep-21,Love Don't Cost a Thing
61ccc546aa8d438faa312a6f,01-Sep-21,Love in a Puff
61ccc546aa8d438faa312a70,01-Sep-21,Mars Attacks!
61ccc546aa8d438faa312a71,01-Sep-21,Marshall
61ccc546aa8d438faa312a72,01-Sep-21,My Boss's Daughter
61ccc546aa8d438faa312a73,01-Sep-21,Mystery Men
61ccc546aa8d438faa312a74,01-Sep-21,Once Upon a Time in America
61ccc546aa8d438faa312a75,01-Sep-21,Open Season 2
61ccc546aa8d438faa312a76,01-Sep-21,Osmosis Jones
61ccc546aa8d438faa312a77,01-Sep-21,Poseidon
61ccc546aa8d438faa312a78,01-Sep-21,Rhyme & Reason
61ccc546aa8d438faa312a79,01-Sep-21,Same Kind of Different as Me
61ccc546aa8d438faa312a7a,01-Sep-21,School of Rock
61ccc546aa8d438faa312a7b,01-Sep-21,Snervous Tyler Oakley
61ccc546aa8d438faa312a7c,01-Sep-21,Tears of the Sun
61ccc546aa8d438faa312a7d,01-Sep-21,The Blue Lagoon
61ccc546aa8d438faa312a7e,01-Sep-21,The Golden Child
61ccc546aa8d438faa312a7f,01-Sep-21,The Guns of Navarone
61ccc546aa8d438faa312a80,01-Sep-21,The Interview
61ccc546aa8d438faa312a81,01-Sep-21,The Nutty Professor
61ccc546aa8d438faa312a82,01-Sep-21,The Nutty Professor II: The Klumps
61ccc546aa8d438faa312a83,01-Sep-21,Welcome Home Roscoe Jenkins
61ccc546aa8d438faa312a84,31-Aug-21,In the Line of Fire
61ccc546aa8d438faa312a85,31-Aug-21,Untold: Crime & Penalties
61ccc546aa8d438faa312a86,28-Aug-21,2 Alone in Paris
61ccc546aa8d438faa312a87,28-Aug-21,Thimmarusu
61ccc546aa8d438faa312a88,28-Aug-21,Wind River
61ccc546aa8d438faa312a89,27-Aug-21,C Kkompany
61ccc546aa8d438faa312a8a,27-Aug-21,EMI: Liya Hai To Chukana Padega
61ccc546aa8d438faa312a8b,27-Aug-21,He's All That
61ccc546aa8d438faa312a8c,27-Aug-21,Koi Aap Sa
61ccc546aa8d438faa312a8d,27-Aug-21,Krishna Cottage
61ccc546aa8d438faa312a8e,27-Aug-21,Kucch To Hai
61ccc546aa8d438faa312a8f,27-Aug-21,Kyaa Kool Hai Hum
61ccc546aa8d438faa312a90,27-Aug-21,Kyaa Kool Hain Hum 3
61ccc546aa8d438faa312a91,27-Aug-21,Kyaa Super Kool Hain Hum
61ccc546aa8d438faa312a92,27-Aug-21,Kyo Kii... Main Jhuth Nahin Bolta
61ccc546aa8d438faa312a93,27-Aug-21,LSD: Love, Sex Aur Dhokha
61ccc546aa8d438faa312a94,27-Aug-21,Mission Istaanbul: Darr Ke Aagey Jeet Hai
61ccc546aa8d438faa312a95,27-Aug-21,Once Upon a Time in Mumbaai
61ccc546aa8d438faa312a96,27-Aug-21,Once Upon a Time in Mumbai Dobaara!
61ccc546aa8d438faa312a97,27-Aug-21,Ragini MMS
61ccc546aa8d438faa312a98,27-Aug-21,Ragini MMS 2
61ccc546aa8d438faa312a99,27-Aug-21,SAS: Rise of the Black Swan
61ccc546aa8d438faa312a9a,27-Aug-21,Shootout at Lokhandwala
61ccc546aa8d438faa312a9b,27-Aug-21,Shor In the City
61ccc546aa8d438faa312a9c,27-Aug-21,The Dirty Picture
61ccc546aa8d438faa312a9d,25-Aug-21,"Bob Ross: Happy Accidents, Betrayal & Greed"
61ccc546aa8d438faa312a9e,25-Aug-21,Really Love
61ccc546aa8d438faa312a9f,25-Aug-21,The November Man
61ccc546aa8d438faa312aa0,25-Aug-21,The Old Ways
61ccc546aa8d438faa312aa1,25-Aug-21,The River Runner
61ccc546aa8d438faa312aa2,25-Aug-21,The Water Man
61ccc546aa8d438faa312aa3,24-Aug-21,Count Me In
61ccc546aa8d438faa312aa4,24-Aug-21,Untold: Caitlyn Jenner
61ccc546aa8d438faa312aa5,23-Aug-21,Boomika
61ccc546aa8d438faa312aa6,23-Aug-21,Boomika (Hindi)
61ccc546aa8d438faa312aa7,23-Aug-21,Boomika (Malayalam)
61ccc546aa8d438faa312aa8,23-Aug-21,Boomika (Telugu)
61ccc546aa8d438faa312aa9,23-Aug-21,The Witcher: Nightmare of the Wolf
61ccc546aa8d438faa312aaa,20-Aug-21,Gunshot
61ccc546aa8d438faa312aab,20-Aug-21,Man in Love
61ccc546aa8d438faa312aac,20-Aug-21,Sweet Girl
61ccc546aa8d438faa312aad,20-Aug-21,The Loud House Movie
61ccc546aa8d438faa312aae,19-Aug-21,A Faraway Land
61ccc546aa8d438faa312aaf,19-Aug-21,Like Crazy
61ccc546aa8d438faa312ab0,18-Aug-21,Black Island
61ccc546aa8d438faa312ab1,18-Aug-21,Bombay
61ccc546aa8d438faa312ab2,18-Aug-21,Memories of a Murderer: The Nilsen Tapes
61ccc546aa8d438faa312ab3,18-Aug-21,Nneka The Pretty Serpent
61ccc546aa8d438faa312ab4,18-Aug-21,O Kadhal Kanmani
61ccc546aa8d438faa312ab5,18-Aug-21,Out of my league
61ccc546aa8d438faa312ab6,18-Aug-21,Pahuna
61ccc546aa8d438faa312ab7,18-Aug-21,The Secret Diary of an Exchange Student
61ccc546aa8d438faa312ab8,18-Aug-21,Untold: Deal With the Devil
61ccc546aa8d438faa312ab9,16-Aug-21,Walk of Shame
61ccc546aa8d438faa312aba,15-Aug-21,The Piano
61ccc546aa8d438faa312abb,15-Aug-21,Unroyal
61ccc546aa8d438faa312abc,13-Aug-21,Beckett
61ccc546aa8d438faa312abd,12-Aug-21,Lokillo: Nothing's the Same
61ccc546aa8d438faa312abe,12-Aug-21,Monster Hunter: Legends of the Guild
61ccc546aa8d438faa312abf,11-Aug-21,Brother Jekwu
61ccc546aa8d438faa312ac0,11-Aug-21,La diosa del asfalto
61ccc546aa8d438faa312ac1,11-Aug-21,Misha and the Wolves
61ccc546aa8d438faa312ac2,11-Aug-21,The Kissing Booth 3
61ccc546aa8d438faa312ac3,11-Aug-21,The Railway Man
61ccc546aa8d438faa312ac4,10-Aug-21,Untold: Malice at the Palace
61ccc546aa8d438faa312ac5,08-Aug-21,Quartet
61ccc546aa8d438faa312ac6,08-Aug-21,Slay
61ccc546aa8d438faa312ac7,07-Aug-21,Takizawa Kabuki ZERO 2020 The Movie
61ccc546aa8d438faa312ac8,07-Aug-21,The Paper Tigers
61ccc546aa8d438faa312ac9,06-Aug-21,Quam's Money
61ccc546aa8d438faa312aca,06-Aug-21,The Swarm
61ccc546aa8d438faa312acb,06-Aug-21,Vivo
61ccc546aa8d438faa312acc,05-Aug-21,Chennai Express
61ccc546aa8d438faa312acd,05-Aug-21,City of God: 10 Years Later
61ccc546aa8d438faa312ace,05-Aug-21,Esperando la carroza
61ccc546aa8d438faa312acf,05-Aug-21,Lady Boss: The Jackie Collins Story
61ccc546aa8d438faa312ad0,05-Aug-21,Tango Feroz
61ccc546aa8d438faa312ad1,04-Aug-21,'76
61ccc546aa8d438faa312ad2,04-Aug-21,Aftermath
61ccc546aa8d438faa312ad3,04-Aug-21,American Masters: Inventing David Geffen
61ccc546aa8d438faa312ad4,03-Aug-21,Heavy
61ccc546aa8d438faa312ad5,03-Aug-21,Ije: The Journey
61ccc546aa8d438faa312ad6,03-Aug-21,Pray Away
61ccc546aa8d438faa312ad7,03-Aug-21,Shiny_Flakes: The Teenage Drug Lord
61ccc546aa8d438faa312ad8,01-Aug-21,Beethoven
61ccc546aa8d438faa312ad9,01-Aug-21,Beethoven's 2nd
61ccc546aa8d438faa312ada,01-Aug-21,Beowulf
61ccc546aa8d438faa312adb,01-Aug-21,Boyka: Undisputed
61ccc546aa8d438faa312adc,01-Aug-21,Catch Me If You Can
61ccc546aa8d438faa312add,01-Aug-21,Cloudy with a Chance of Meatballs
61ccc546aa8d438faa312ade,01-Aug-21,Deep Blue Sea
61ccc546aa8d438faa312adf,01-Aug-21,Ferris Bueller's Day Off
61ccc546aa8d438faa312ae0,01-Aug-21,Five Feet Apart
61ccc546aa8d438faa312ae1,01-Aug-21,Freedomland
61ccc546aa8d438faa312ae2,01-Aug-21,Good Luck Chuck
61ccc546aa8d438faa312ae3,01-Aug-21,I missed you: Director's Cut
61ccc546aa8d438faa312ae4,01-Aug-21,Inception
61ccc546aa8d438faa312ae5,01-Aug-21,Magnolia
61ccc546aa8d438faa312ae6,01-Aug-21,Major Payne
61ccc546aa8d438faa312ae7,01-Aug-21,My Girl
61ccc546aa8d438faa312ae8,01-Aug-21,My Girl 2
61ccc546aa8d438faa312ae9,01-Aug-21,Open Season: Scared Silly
61ccc546aa8d438faa312aea,01-Aug-21,Pineapple Express
61ccc546aa8d438faa312aeb,01-Aug-21,Planet 51
61ccc546aa8d438faa312aec,01-Aug-21,Poms
61ccc546aa8d438faa312aed,01-Aug-21,Seabiscuit
61ccc546aa8d438faa312aee,01-Aug-21,Space Cowboys
61ccc546aa8d438faa312aef,01-Aug-21,Team America: World Police
61ccc546aa8d438faa312af0,01-Aug-21,The Edge of Seventeen
61ccc546aa8d438faa312af1,01-Aug-21,The Haunting in Connecticut 2: Ghosts of Georgia
61ccc546aa8d438faa312af2,01-Aug-21,The Last Boy Scout
61ccc546aa8d438faa312af3,01-Aug-21,The Lincoln Lawyer
61ccc546aa8d438faa312af4,01-Aug-21,The Losers
61ccc546aa8d438faa312af5,01-Aug-21,The Machinist
61ccc546aa8d438faa312af6,01-Aug-21,The Net
61ccc546aa8d438faa312af7,01-Aug-21,The Original Kings of Comedy
61ccc546aa8d438faa312af8,01-Aug-21,Valentine's Day
61ccc546aa8d438faa312af9,31-Jul-21,The Lost Café
61ccc546aa8d438faa312afa,31-Jul-21,The Vault
61ccc546aa8d438faa312afb,30-Jul-21,Eyes of a Thief
61ccc546aa8d438faa312afc,30-Jul-21,I'm Glad I Did
61ccc546aa8d438faa312afd,30-Jul-21,Pomegranates and Myrrh
61ccc546aa8d438faa312afe,30-Jul-21,Rurouni Kenshin: The Beginning
61ccc546aa8d438faa312aff,30-Jul-21,The Last Mercenary
61ccc546aa8d438faa312b00,29-Jul-21,Flower Girl
61ccc546aa8d438faa312b01,29-Jul-21,Resort to Love
61ccc546aa8d438faa312b02,28-Jul-21,Bartkowiak
61ccc546aa8d438faa312b03,28-Jul-21,Fantastic Fungi
61ccc546aa8d438faa312b04,27-Jul-21,Department
61ccc546aa8d438faa312b05,27-Jul-21,Hostage House
61ccc546aa8d438faa312b06,27-Jul-21,Mimi
61ccc546aa8d438faa312b07,27-Jul-21,The Operative
61ccc546aa8d438faa312b08,24-Jul-21,Django Unchained
61ccc546aa8d438faa312b09,23-Jul-21,A Second Chance:  Rivals!
61ccc546aa8d438faa312b0a,23-Jul-21,African America
61ccc546aa8d438faa312b0b,23-Jul-21,Bankrolled
61ccc546aa8d438faa312b0c,23-Jul-21,Blood Red Sky
61ccc546aa8d438faa312b0d,23-Jul-21,Kingdom: Ashin of the North
61ccc546aa8d438faa312b0e,23-Jul-21,The Last Letter From Your Lover
61ccc546aa8d438faa312b0f,22-Jul-21,9to5: The Story of a Movement
61ccc546aa8d438faa312b10,22-Jul-21,Chhota Bheem - Dinosaur World
61ccc546aa8d438faa312b11,22-Jul-21,Chhota Bheem - Neeli Pahaadi
61ccc546aa8d438faa312b12,22-Jul-21,Chhota Bheem & Ganesh
61ccc546aa8d438faa312b13,22-Jul-21,Chhota Bheem & Krishna: Mayanagari
61ccc546aa8d438faa312b14,22-Jul-21,Chhota Bheem & Krishna: Pataliputra- City of the Dead
61ccc546aa8d438faa312b15,22-Jul-21,Chhota Bheem And The Broken Amulet
61ccc546aa8d438faa312b16,22-Jul-21,Chhota Bheem And The Crown of Valhalla
61ccc546aa8d438faa312b17,22-Jul-21,Chhota Bheem and the Incan Adventure
61ccc546aa8d438faa312b18,22-Jul-21,Chhota Bheem and The ShiNobi Secret
61ccc546aa8d438faa312b19,22-Jul-21,Chhota Bheem Aur Hanuman
61ccc546aa8d438faa312b1a,22-Jul-21,Chhota Bheem aur Krishna
61ccc546aa8d438faa312b1b,22-Jul-21,Chhota Bheem aur Krishna vs Zimbara
61ccc546aa8d438faa312b1c,22-Jul-21,Chhota Bheem in African Safari
61ccc546aa8d438faa312b1d,22-Jul-21,Chhota Bheem Ka Roosi Romanch
61ccc546aa8d438faa312b1e,22-Jul-21,Chhota Bheem: Bheem vs Aliens
61ccc546aa8d438faa312b1f,22-Jul-21,Chhota Bheem: Dholakpur to Kathmandu
61ccc546aa8d438faa312b20,22-Jul-21,Chhota Bheem: Dus Pe Dus
61ccc546aa8d438faa312b21,22-Jul-21,Chhota Bheem: Journey to Petra
61ccc546aa8d438faa312b22,22-Jul-21,Chhota Bheem: Master of Shaolin
61ccc546aa8d438faa312b23,22-Jul-21,Chhota Bheem: The Rise of Kirmada
61ccc546aa8d438faa312b24,22-Jul-21,Cousins
61ccc546aa8d438faa312b25,22-Jul-21,Wannabe Courageous
61ccc546aa8d438faa312b26,22-Jul-21,Words Bubble Up Like Soda Pop
61ccc546aa8d438faa312b27,21-Jul-21,Sanitation Day
61ccc546aa8d438faa312b28,21-Jul-21,Trollhunters: Rise of the Titans
61ccc546aa8d438faa312b29,20-Jul-21,Milkwater
61ccc546aa8d438faa312b2a,19-Jul-21,The Tambour of Retribution
61ccc546aa8d438faa312b2b,17-Jul-21,Cosmic Sin
61ccc546aa8d438faa312b2c,16-Jul-21,2 Weeks in Lagos
61ccc546aa8d438faa312b2d,16-Jul-21,Deep
61ccc546aa8d438faa312b2e,16-Jul-21,Fear Street Part 3: 1666
61ccc546aa8d438faa312b2f,16-Jul-21,La ley de Herodes
61ccc546aa8d438faa312b30,16-Jul-21,The Beguiled
61ccc546aa8d438faa312b31,16-Jul-21,The Book of Henry
61ccc546aa8d438faa312b32,16-Jul-21,The Twilight Saga: Breaking Dawn: Part 1
61ccc546aa8d438faa312b33,16-Jul-21,The Twilight Saga: Breaking Dawn: Part 2
61ccc546aa8d438faa312b34,16-Jul-21,The Twilight Saga: Eclipse
61ccc546aa8d438faa312b35,16-Jul-21,The Twilight Saga: New Moon
61ccc546aa8d438faa312b36,16-Jul-21,Twilight
61ccc546aa8d438faa312b37,15-Jul-21,A Perfect Fit
61ccc546aa8d438faa312b38,15-Jul-21,Cheech & Chong's Still Smokin
61ccc546aa8d438faa312b39,15-Jul-21,Emicida: AmarElo - Live in São Paulo
61ccc546aa8d438faa312b3a,15-Jul-21,Lift Like a Girl
61ccc546aa8d438faa312b3b,15-Jul-21,My Amanda
61ccc546aa8d438faa312b3c,15-Jul-21,Surf's Up
61ccc546aa8d438faa312b3d,15-Jul-21,The Unknown Saint
61ccc546aa8d438faa312b3e,15-Jul-21,This Changes Everything
61ccc546aa8d438faa312b3f,14-Jul-21,A Classic Horror Story
61ccc546aa8d438faa312b40,14-Jul-21,Gunpowder Milkshake
61ccc546aa8d438faa312b41,14-Jul-21,Private Network: Who Killed Manuel Buendía?
61ccc546aa8d438faa312b42,14-Jul-21,The Guide to the Perfect Family
61ccc546aa8d438faa312b43,13-Jul-21,American Woman
61ccc546aa8d438faa312b44,13-Jul-21,Bridgerton - The Afterparty
61ccc546aa8d438faa312b45,13-Jul-21,Day of Destiny
61ccc546aa8d438faa312b46,12-Jul-21,Born to Play
61ccc546aa8d438faa312b47,10-Jul-21,American Ultra
61ccc546aa8d438faa312b48,10-Jul-21,The Stand-Up
61ccc546aa8d438faa312b49,10-Jul-21,The Tour
61ccc546aa8d438faa312b4a,09-Jul-21,Fear Street Part 2: 1978
61ccc546aa8d438faa312b4b,09-Jul-21,Finding Hubby
61ccc546aa8d438faa312b4c,09-Jul-21,How I Became a Superhero
61ccc546aa8d438faa312b4d,09-Jul-21,Last Summer
61ccc546aa8d438faa312b4e,09-Jul-21,Lee Su-geun: The Sense Coach
61ccc546aa8d438faa312b4f,09-Jul-21,Lethal Love
61ccc546aa8d438faa312b50,09-Jul-21,Ratchet and Clank
61ccc546aa8d438faa312b51,08-Jul-21,Back to Q82
61ccc546aa8d438faa312b52,08-Jul-21,Home Again
61ccc546aa8d438faa312b53,08-Jul-21,Midnight Sun
61ccc546aa8d438faa312b54,08-Jul-21,Rock the Kasbah
61ccc546aa8d438faa312b55,07-Jul-21,Awon Boyz
61ccc546aa8d438faa312b56,07-Jul-21,Brick Mansions
61ccc546aa8d438faa312b57,07-Jul-21,Clash
61ccc546aa8d438faa312b58,07-Jul-21,Major Grom: Plague Doctor
61ccc546aa8d438faa312b59,07-Jul-21,Mama Drama
61ccc546aa8d438faa312b5a,07-Jul-21,Tango With Me
61ccc546aa8d438faa312b5b,07-Jul-21,Therapy
61ccc546aa8d438faa312b5c,07-Jul-21,This Little Love Of Mine
61ccc546aa8d438faa312b5d,07-Jul-21,Three Thieves
61ccc546aa8d438faa312b5e,06-Jul-21,A Land Imagined
61ccc546aa8d438faa312b5f,06-Jul-21,Har Kisse Ke Hisse: Kaamyaab
61ccc546aa8d438faa312b60,06-Jul-21,Rehmataan
61ccc546aa8d438faa312b61,06-Jul-21,Return of the Prodigal Son
61ccc546aa8d438faa312b62,06-Jul-21,Rise: Ini Kalilah
61ccc546aa8d438faa312b63,06-Jul-21,Si Doel the Movie 2
61ccc546aa8d438faa312b64,06-Jul-21,Truckbhar Swapna
61ccc546aa8d438faa312b65,06-Jul-21,Ujala
61ccc546aa8d438faa312b66,02-Jul-21,Fear Street Part 1: 1994
61ccc546aa8d438faa312b67,02-Jul-21,Haseen Dillruba
61ccc546aa8d438faa312b68,02-Jul-21,Holiday on Mars
61ccc546aa8d438faa312b69,02-Jul-21,RattleSnake - The Ahanna Story
61ccc546aa8d438faa312b6a,02-Jul-21,Snowpiercer
61ccc546aa8d438faa312b6b,02-Jul-21,The 8th Night
61ccc546aa8d438faa312b6c,02-Jul-21,Winchester
61ccc546aa8d438faa312b6d,01-Jul-21,6 Bullets
61ccc546aa8d438faa312b6e,01-Jul-21,Air Force One
61ccc546aa8d438faa312b6f,01-Jul-21,Audible
61ccc546aa8d438faa312b70,01-Jul-21,Austin Powers in Goldmember
61ccc546aa8d438faa312b71,01-Jul-21,Austin Powers: International Man of Mystery
61ccc546aa8d438faa312b72,01-Jul-21,Austin Powers: The Spy Who Shagged Me
61ccc546aa8d438faa312b73,01-Jul-21,Boogie Nights
61ccc546aa8d438faa312b74,01-Jul-21,Charlie's Angels
61ccc546aa8d438faa312b75,01-Jul-21,Congo
61ccc546aa8d438faa312b76,01-Jul-21,Dennis the Menace
61ccc546aa8d438faa312b77,01-Jul-21,Dreamy Eyes
61ccc546aa8d438faa312b78,01-Jul-21,Dynasty Warriors
61ccc546aa8d438faa312b79,01-Jul-21,Hampstead
61ccc546aa8d438faa312b7a,01-Jul-21,Kung Fu Panda
61ccc546aa8d438faa312b7b,01-Jul-21,Kung Fu Panda 2
61ccc546aa8d438faa312b7c,01-Jul-21,Life as We Know It
61ccc546aa8d438faa312b7d,01-Jul-21,Mary Magdalene
61ccc546aa8d438faa312b7e,01-Jul-21,Memoirs of a Geisha
61ccc546aa8d438faa312b7f,01-Jul-21,Midnight Run
61ccc546aa8d438faa312b80,01-Jul-21,Mobile Suit Gundam Hathaway
61ccc546aa8d438faa312b81,01-Jul-21,Mortal Kombat
61ccc546aa8d438faa312b82,01-Jul-21,Mother's Day
61ccc546aa8d438faa312b83,01-Jul-21,No Strings Attached
61ccc546aa8d438faa312b84,01-Jul-21,Not Another Teen Movie
61ccc546aa8d438faa312b85,01-Jul-21,Ophelia
61ccc546aa8d438faa312b86,01-Jul-21,Pet Sematary 2
61ccc546aa8d438faa312b87,01-Jul-21,Red Joan
61ccc546aa8d438faa312b88,01-Jul-21,Seven Pounds
61ccc546aa8d438faa312b89,01-Jul-21,She's Out of My League
61ccc546aa8d438faa312b8a,01-Jul-21,Snow Day
61ccc546aa8d438faa312b8b,01-Jul-21,Star Trek
61ccc546aa8d438faa312b8c,01-Jul-21,Stuart Little
61ccc546aa8d438faa312b8d,01-Jul-21,Sword of Trust
61ccc546aa8d438faa312b8e,01-Jul-21,Talladega Nights: The Ballad of Ricky Bobby
61ccc546aa8d438faa312b8f,01-Jul-21,The American
61ccc546aa8d438faa312b90,01-Jul-21,The Best of Enemies
61ccc546aa8d438faa312b91,01-Jul-21,The Game
61ccc546aa8d438faa312b92,01-Jul-21,The Karate Kid
61ccc546aa8d438faa312b93,01-Jul-21,The Karate Kid Part II
61ccc546aa8d438faa312b94,01-Jul-21,The Karate Kid Part III
61ccc546aa8d438faa312b95,01-Jul-21,The Life of David Gale
61ccc546aa8d438faa312b96,01-Jul-21,The Long Riders
61ccc546aa8d438faa312b97,01-Jul-21,The Queen
61ccc546aa8d438faa312b98,01-Jul-21,The Strangers
61ccc546aa8d438faa312b99,01-Jul-21,The Sum of All Fears
61ccc546aa8d438faa312b9a,01-Jul-21,The Tourist
61ccc546aa8d438faa312b9b,01-Jul-21,Underworld
61ccc546aa8d438faa312b9c,01-Jul-21,Underworld: Awakening
